{
  "weights": [
    -5.26714487783118,
    -3.4365831084264413,
    2.7555238674110125,
    -0.7610727912866095,
    -0.17143971677372638
  ],
  "bias": 21.48643769527868,
  "score": 0.7810979155334854,
  "trained_at": "2026-03-15T13:53:14.009223"
}